{
  "clusters": [
    {
      "post_ids": [
        "p_238690542582197",
        "p_82306899748645",
        "p_244908895298233",
        "p_14738329449069"
      ],
      "is_coordinated": true,
      "coordination_score": 0.5825806451612903
    },
    {
      "post_ids": [
        "p_142852849442498",
        "p_238704998612780",
        "p_259128679866303",
        "p_89582877818138"
      ],
      "is_coordinated": true,
      "coordination_score": 0.47141860726740914
    }
  ]
}